{
  "BTC/USD": {
    "best_sharpe": 6.468682861010784,
    "avg_sharpe": -0.587328473810084,
    "best_params": {
      "stop_loss_pct": 0.0418722903729898,
      "take_profit_pct": 0.0358921111551528,
      "position_size_pct": 0.0402289620713378
    },
    "top_10_ranges": {
      "stop_loss": [
        0.0211333297324178,
        0.0499330840269494
      ],
      "take_profit": [
        0.026242809910175,
        0.0923065496951857
      ]
    }
  },
  "ETH/USD": {
    "best_sharpe": 0.900532548047968,
    "avg_sharpe": -1.7927166529176644,
    "best_params": {
      "stop_loss_pct": 0.0345899919144354,
      "take_profit_pct": 0.0620852718427515,
      "position_size_pct": 0.0058831933100754
    },
    "top_10_ranges": {
      "stop_loss": [
        0.0102016585610735,
        0.0497338242671313
      ],
      "take_profit": [
        0.0122332068704538,
        0.0892718030435362
      ]
    }
  },
  "EUR/USD 90D": {
    "best_sharpe": 2.341506203442727,
    "avg_sharpe": -1.697034243023588,
    "best_params": {
      "stop_loss_pct": 0.0058862968828576,
      "take_profit_pct": 0.0100849349119166,
      "position_size_pct": 0.0180117736339095
    },
    "top_10_ranges": {
      "stop_loss": [
        0.0057879812110912,
        0.0061081512180217
      ],
      "take_profit": [
        0.010031120983613,
        0.0103841913043749
      ]
    }
  },
  "EUR/USD M15": {
    "best_sharpe": 3.7067270030666686,
    "avg_sharpe": -1.279204722666943,
    "best_params": {
      "stop_loss_pct": 0.0056453064708241,
      "take_profit_pct": 0.014690628274422,
      "position_size_pct": 0.0098485409871495
    },
    "top_10_ranges": {
      "stop_loss": [
        0.0056453064708241,
        0.0070232658871297
      ],
      "take_profit": [
        0.0143496456610911,
        0.014690628274422
      ]
    }
  },
  "GBP/USD": {
    "best_sharpe": 6.1681670150350385,
    "avg_sharpe": 2.257506995959365,
    "best_params": {
      "stop_loss_pct": 0.0050278929289192,
      "take_profit_pct": 0.0120238262189158,
      "position_size_pct": 0.0412313501030715
    },
    "top_10_ranges": {
      "stop_loss": [
        0.0050278929289192,
        0.0056572622103639
      ],
      "take_profit": [
        0.0120238262189158,
        0.0143584537388892
      ]
    }
  }
}