{
  "classes": [
    "BUY",
    "HOLD"
  ],
  "coef": [
    [
      -0.6485084656959074,
      -0.655467695834225,
      0.9370996292425142,
      -0.9045960818091535,
      0.6923520097625149
    ]
  ],
  "intercept": [
    0.7715656394144417
  ],
  "scaler_mean": [
    0.4601851851851852,
    0.046296296296296294,
    0.49351851851851847,
    57.61296296296296,
    12.100277933995518
  ],
  "scaler_scale": [
    0.22697275689631533,
    0.1047565601757848,
    0.2303472210591156,
    5.053838400550138,
    3.990447989214883
  ]
}